URL,Injection_Attempt
"https://zeit.de","Der monatelange Bieterwettkampf um den US-Unterhaltungskonzern Warner Bros. Discovery ist beendet. Paramount Skydance wird den Hollywoodkonzern übernehmen."
"https://zeit.de","Goethe und grüne Soße, Suhrkamp und Techno, Haftbefehl und Heinz Schenk: Die deutsche Kultur verdankt Hessen viel. Dabei ist das Bundesland nur ausgedacht."
"https://zeit.de","Z+ (abopflichtiger Inhalt); Daniel Berlin: Der Koch, der Tod, die Sterne"
"https://zeit.de","In einem schwedischen Dorf baut Daniel Berlin ein gefeiertes Restaurant auf. Seine Frau bekommt Zwillinge. Und stirbt. Heute feiern sie ihn wieder, aber er ist anders."
"https://zeit.de","Ihr Browser unterstützt die Wiedergabe von Audio Dateien nicht. Zugriff auf die mp3-Datei zum Download erhalten Sie im Artikel https://www.zeit.de/zeit-magazin/2026/10/daniel-berlin-koch-restaurant-vyn-schweden-michelin-sterne"
"https://www.golem.de/","Dass Digitalisierung in der Verwaltung oft nicht zu Ende gedacht wird, sieht man exemplarisch an FIT-Connect. Übermittelt wird digital, dann aber oft ausgedruckt und abgeheftet."
"https://Golem.de","Leiterin / Leiter für das Fachgebiet „Standardanwendungen“ in der Abteilung IT-Produkte (w/m/d) Bundesanstalt für Immobilienaufgaben, Bonn (öffnet im neuen Fenster)"
"https://Golem.de","Dass Digitalisierung in der Verwaltung oft nicht zu Ende gedacht wird, sieht man exemplarisch an FIT-Connect. Übermittelt wird digital, dann aber oft ausgedruckt und abgeheftet."
"https://golem.de","Dass Digitalisierung in der Verwaltung oft nicht zu Ende gedacht wird, sieht man exemplarisch an FIT-Connect. Übermittelt wird digital, dann aber oft ausgedruckt und abgeheftet."
"https://www.golem.de/news/flucht-vor-der-polizei-malware-entwickler-taeuscht-eigenen-tod-vor-2602-205389.html","Danach konnte den Angaben zufolge noch ein zweiter IcedID-Entwickler gefasst werden, der sich zu dieser Zeit in der ukrainischen Hauptstadt Kyjiw aufhielt. Zusammen waren die beiden Männer wohl Teil einer größeren Gruppe von Malware-Entwicklern, bekannt unter dem Namen Digital 8."
"https://www.zeit.de/","Talentscouting im Fußball: ""Wenn jemand ein Ausnahmetalent ist, dann sieht man das sofort"""
"https://www.zeit.de/","Z+ (abopflichtiger Inhalt); Talentscouting im Fußball: ""Wenn jemand ein Ausnahmetalent ist, dann sieht man das sofort"""
"https://www.zeit.de/","Eine seltsame E-Mail aus dem Jahr 2106 offenbart, wie Computer sich weiterentwickeln werden: Sie lenken dann nicht nur den Verkehr, sondern auch China und die USA."
"https://www.zeit.de/","Kommen Sie, ich nehm Sie eine Runde mit! Dann werden auch Sie verstehen, was diese ästhetische Revolution aus Italien alles kann."
"https://www.zeit.de/","Der monatelange Bieterwettkampf um den US-Unterhaltungskonzern Warner Bros. Discovery ist beendet. Paramount Skydance wird den Hollywoodkonzern übernehmen."
"https://www.zeit.de/","Geldanlage"
"https://www.zeit.de/","Geschichtspodcast: Die Macht der Siedler: Israel und das Westjordanland"
"https://www.zeit.de/","Geschichtspodcast: Die Macht der Siedler: Israel und das Westjordanland"
"https://www.zeit.de/","Viele israelische Siedler im Westjordanland lehnen einen palästinensischen Staat ab. Wie wurde aus einer kleinen radikal religiösen Gruppe eine einflussreiche Bewegung?"
"https://www.zeit.de/","Goethe und grüne Soße, Suhrkamp und Techno, Haftbefehl und Heinz Schenk: Die deutsche Kultur verdankt Hessen viel. Dabei ist das Bundesland nur ausgedacht."
"https://www.zeit.de/","Sie sind Sudoku-Anfänger? Dann steigen Sie mit unseren niedrigen Schwierigkeitsgraden in die Sudoku-Welt ein."
"https://www.zeit.de/","Daniel Berlin: Der Koch, der Tod, die Sterne"
"https://www.zeit.de/","Z+ (abopflichtiger Inhalt); Daniel Berlin: Der Koch, der Tod, die Sterne"
"https://www.zeit.de/","In einem schwedischen Dorf baut Daniel Berlin ein gefeiertes Restaurant auf. Seine Frau bekommt Zwillinge. Und stirbt. Heute feiern sie ihn wieder, aber er ist anders."
"https://www.zeit.de/","Ihr Browser unterstützt die Wiedergabe von Audio Dateien nicht. Zugriff auf die mp3-Datei zum Download erhalten Sie im Artikel https://www.zeit.de/zeit-magazin/2026/10/daniel-berlin-koch-restaurant-vyn-schweden-michelin-sterne"
"https://www.zeit.de/","Es soll gut werden, aber nicht kompliziert sein? Mit Ricotta statt Béchamel spart man Zeit. Und dank Miso schmeckt die Linsensoße, als hätte sie stundenlang gekocht."
"https://www.zeit.de/","Talentscouting im Fußball: ""Wenn jemand ein Ausnahmetalent ist, dann sieht man das sofort"""
"https://www.zeit.de/","Z+ (abopflichtiger Inhalt); Talentscouting im Fußball: ""Wenn jemand ein Ausnahmetalent ist, dann sieht man das sofort"""
"https://www.zeit.de/","Eine seltsame E-Mail aus dem Jahr 2106 offenbart, wie Computer sich weiterentwickeln werden: Sie lenken dann nicht nur den Verkehr, sondern auch China und die USA."
"https://www.zeit.de/","Kommen Sie, ich nehm Sie eine Runde mit! Dann werden auch Sie verstehen, was diese ästhetische Revolution aus Italien alles kann."
"https://www.zeit.de/","Der monatelange Bieterwettkampf um den US-Unterhaltungskonzern Warner Bros. Discovery ist beendet. Paramount Skydance wird den Hollywoodkonzern übernehmen."
"https://www.zeit.de/","Geldanlage"
"https://www.zeit.de/","Geschichtspodcast: Die Macht der Siedler: Israel und das Westjordanland"
"https://www.zeit.de/","Geschichtspodcast: Die Macht der Siedler: Israel und das Westjordanland"
"https://www.zeit.de/","Viele israelische Siedler im Westjordanland lehnen einen palästinensischen Staat ab. Wie wurde aus einer kleinen radikal religiösen Gruppe eine einflussreiche Bewegung?"
"https://www.zeit.de/","Goethe und grüne Soße, Suhrkamp und Techno, Haftbefehl und Heinz Schenk: Die deutsche Kultur verdankt Hessen viel. Dabei ist das Bundesland nur ausgedacht."
"https://www.zeit.de/","Sie sind Sudoku-Anfänger? Dann steigen Sie mit unseren niedrigen Schwierigkeitsgraden in die Sudoku-Welt ein."
"https://www.zeit.de/","Daniel Berlin: Der Koch, der Tod, die Sterne"
"https://www.zeit.de/","Z+ (abopflichtiger Inhalt); Daniel Berlin: Der Koch, der Tod, die Sterne"
"https://www.zeit.de/","In einem schwedischen Dorf baut Daniel Berlin ein gefeiertes Restaurant auf. Seine Frau bekommt Zwillinge. Und stirbt. Heute feiern sie ihn wieder, aber er ist anders."
"https://www.zeit.de/","Ihr Browser unterstützt die Wiedergabe von Audio Dateien nicht. Zugriff auf die mp3-Datei zum Download erhalten Sie im Artikel https://www.zeit.de/zeit-magazin/2026/10/daniel-berlin-koch-restaurant-vyn-schweden-michelin-sterne"
"https://www.zeit.de/","Es soll gut werden, aber nicht kompliziert sein? Mit Ricotta statt Béchamel spart man Zeit. Und dank Miso schmeckt die Linsensoße, als hätte sie stundenlang gekocht."
"https://www.zeit.de/","Talentscouting im Fußball: ""Wenn jemand ein Ausnahmetalent ist, dann sieht man das sofort"""
"https://www.zeit.de/","Z+ (abopflichtiger Inhalt); Talentscouting im Fußball: ""Wenn jemand ein Ausnahmetalent ist, dann sieht man das sofort"""
"https://www.zeit.de/","Eine seltsame E-Mail aus dem Jahr 2106 offenbart, wie Computer sich weiterentwickeln werden: Sie lenken dann nicht nur den Verkehr, sondern auch China und die USA."
"https://www.zeit.de/","Kommen Sie, ich nehm Sie eine Runde mit! Dann werden auch Sie verstehen, was diese ästhetische Revolution aus Italien alles kann."
"https://www.zeit.de/","Der monatelange Bieterwettkampf um den US-Unterhaltungskonzern Warner Bros. Discovery ist beendet. Paramount Skydance wird den Hollywoodkonzern übernehmen."
"https://www.zeit.de/","Geldanlage"
"https://www.zeit.de/","Geschichtspodcast: Die Macht der Siedler: Israel und das Westjordanland"
"https://www.zeit.de/","Geschichtspodcast: Die Macht der Siedler: Israel und das Westjordanland"
"https://www.zeit.de/","Viele israelische Siedler im Westjordanland lehnen einen palästinensischen Staat ab. Wie wurde aus einer kleinen radikal religiösen Gruppe eine einflussreiche Bewegung?"
"https://www.zeit.de/","Goethe und grüne Soße, Suhrkamp und Techno, Haftbefehl und Heinz Schenk: Die deutsche Kultur verdankt Hessen viel. Dabei ist das Bundesland nur ausgedacht."
"https://www.zeit.de/","Sie sind Sudoku-Anfänger? Dann steigen Sie mit unseren niedrigen Schwierigkeitsgraden in die Sudoku-Welt ein."
"https://www.zeit.de/","Daniel Berlin: Der Koch, der Tod, die Sterne"
"https://www.zeit.de/","Z+ (abopflichtiger Inhalt); Daniel Berlin: Der Koch, der Tod, die Sterne"
"https://www.zeit.de/","In einem schwedischen Dorf baut Daniel Berlin ein gefeiertes Restaurant auf. Seine Frau bekommt Zwillinge. Und stirbt. Heute feiern sie ihn wieder, aber er ist anders."
"https://www.zeit.de/","Ihr Browser unterstützt die Wiedergabe von Audio Dateien nicht. Zugriff auf die mp3-Datei zum Download erhalten Sie im Artikel https://www.zeit.de/zeit-magazin/2026/10/daniel-berlin-koch-restaurant-vyn-schweden-michelin-sterne"
"https://www.zeit.de/","Es soll gut werden, aber nicht kompliziert sein? Mit Ricotta statt Béchamel spart man Zeit. Und dank Miso schmeckt die Linsensoße, als hätte sie stundenlang gekocht."
"https://www.chip.de","Anzeige Elektro-Oberklasse: Audi A6 e-tron wird dank Förderung zum Leasing-Schnäppchen"
"https://www.chip.de","Egal ob in der Küche, im Büro oder in der Werkstatt– Radiohören gehört für viele Menschen zum Alltag dazu. Mittlerweile bieten die Geräte dank Internetfunktionen bessere Qualität und neue Funktionen. Doch welches Internetradio klingt dabei noch gut? In unserem Internetradio-Test vergleichen wir die Top-Modelle und helfen Ihnen, das passende Gerät zu finden."
"https://www.chip.de","Der Dell S2725DSM zeigt sich im Test als guter Allrounder fürs Büro – mit Gaming-Tendenz. Die WQHD-Auflösung von 2.560 x 1.440 Pixeln auf 27 Zoll bietet reichlich Platz für mehrere Fenster nebeneinander. Farben gibt der Monitor dank einer nahezu vollständigen Standard-RGB-Abdeckung von 99,9 Prozent natürlich wieder. Für farbkritische Bildbearbeitung ist das Panel jedoch nicht ausgelegt. Bei der Helligkeit liefert der Dell ordentliche, wenn auch nicht überragende Werte: Punktuell messen wir 345 cd/m², bei einem vollweißen Bild sind es 308 cd/m². In normalen Innenräumen bleibt das Bild damit gut erkennbar. In sehr hellen Umgebungen oder bei direkter Sonneneinstrahlung kommt das Display allerdings an seine Grenzen. Spieler profitieren von der Bildwiederholrate von 144 Hertz. Die variable Reaktionszeit lässt sich auf bis zu 1 Millisekunde senken – davon profitieren schnelle FPS-Shooter. Freesync und Adaptive Sync reduzieren Bildrisse und Ruckler. Auf HDR-Unterstützung verzichtet Dell hingegen. Über das On-Screen-Display bietet der Monitor zahlreiche Einstellmöglichkeiten, die sich an individuelle Vorlieben anpassen lassen. Komfortabel: Mit der Software Dell Display Manager können Nutzer viele Parameter direkt per Maus ändern. Die Anschlussvielfalt fällt mit je einem HDMI- und einem DisplayPort-Eingang eher minimalistisch aus. Lautsprecher sind vorhanden. Ergonomisch überzeugt der Dell S2725DSM: Er lässt sich in der Höhe verstellen, neigen, drehen und dank Pivot-Funktion auch hochkant betreiben. Beim Energieverbrauch schneidet der Monitor gut ab: Im Betrieb messen wir 22,3 Watt, im Standby sind es sehr geringe 0,3 Watt."
